{
  "name": "root",
  "total": 7.291435099999999,
  "count": 1,
  "self": 7.291435099999999
}