Steps,Policy/Entropy,Policy/Learning Rate,Policy/Extrinsic Value Estimate,Losses/Value Loss,Losses/Policy Loss,Policy/Extrinsic Reward,Environment/Cumulative Reward,Environment/Episode Length
6000,1.4179906,0.00029865018,0.009753783,0.0048245806,0.015746994,0.009999999776482582,0.009999999776482582,4836.5
9000,1.4169703,0.00029775014,0.014440255,0.0021443546,0.015971025,0.009999999776482582,0.009999999776482582,6910.5
12000,1.4189388,0.00029685016,0.015746873,0.0010376454,0.015113443,0.009999999776482582,0.009999999776482582,9860.1
15000,1.4189111,0.0002959502,0.016230874,0.00072432245,0.0153423445,0.009999999776482582,0.009999999776482582,9896.75
