{
  "name": "root",
  "total": 55.579625199999995,
  "count": 1,
  "self": 8.648388499999925,
  "children": [
    {
      "name": "TrainerController.advance",
      "total": 46.93123670000007,
      "count": 6414,
      "self": 6.638682199999884,
      "children": [
        {
          "name": "env_step",
          "total": 29.407071100000188,
          "count": 6414,
          "self": 25.84811110000072,
          "children": [
            {
              "name": "SubprocessEnvManager._take_step",
              "total": 3.483630499999701,
              "count": 6414,
              "self": 0.11755629999962025,
              "children": [
                {
                  "name": "PPOPolicy.evaluate",
                  "total": 3.3660742000000807,
                  "count": 6414,
                  "self": 3.3660742000000807
                }
              ]
            },
            {
              "name": "workers",
              "total": 0.07532949999976601,
              "count": 6414,
              "self": 0.0,
              "children": [
                {
                  "name": "worker_root",
                  "total": 54.76693489999998,
                  "count": 6414,
                  "is_parallel": true,
                  "self": 33.00272250000017,
                  "children": [
                    {
                      "name": "batched_step_result_from_proto",
                      "total": 0.0003767999999997329,
                      "count": 1,
                      "is_parallel": true,
                      "self": 6.910000000015515e-05,
                      "children": [
                        {
                          "name": "_process_vector_observation",
                          "total": 0.00030769999999957776,
                          "count": 1,
                          "is_parallel": true,
                          "self": 0.00030769999999957776
                        }
                      ]
                    },
                    {
                      "name": "UnityEnvironment.step",
                      "total": 21.763835599999815,
                      "count": 6414,
                      "is_parallel": true,
                      "self": 0.8078053999997152,
                      "children": [
                        {
                          "name": "UnityEnvironment._generate_step_input",
                          "total": 0.9970144000001211,
                          "count": 6414,
                          "is_parallel": true,
                          "self": 0.9970144000001211
                        },
                        {
                          "name": "communicator.exchange",
                          "total": 17.81245500000007,
                          "count": 6414,
                          "is_parallel": true,
                          "self": 17.81245500000007
                        },
                        {
                          "name": "batched_step_result_from_proto",
                          "total": 2.1465607999999063,
                          "count": 6414,
                          "is_parallel": true,
                          "self": 0.4135785000001446,
                          "children": [
                            {
                              "name": "_process_vector_observation",
                              "total": 1.7329822999997617,
                              "count": 6414,
                              "is_parallel": true,
                              "self": 1.7329822999997617
                            }
                          ]
                        }
                      ]
                    }
                  ]
                }
              ]
            }
          ]
        },
        {
          "name": "update_policy",
          "total": 10.885483399999998,
          "count": 3,
          "self": 8.427751199999985,
          "children": [
            {
              "name": "PPOPolicy.update",
              "total": 2.457732200000013,
              "count": 171,
              "self": 2.457732200000013
            }
          ]
        }
      ]
    }
  ]
}