Steps,Policy/Entropy,Policy/Learning Rate,Policy/Extrinsic Value Estimate,Policy/Extrinsic Reward,Environment/Cumulative Reward,Environment/Episode Length,Losses/Value Loss,Losses/Policy Loss
3000,1.4190117,0.00029955019,-0.06234844,0.2937499793479219,0.2937499823747203,999.5,0.02040675,0.020344576
6000,1.4188628,0.00029865018,-0.018794043,0.31354164390359074,0.3135416468139738,1000.0,0.005789437,0.0149454195
