{
  "name": "root",
  "gauges": [
    {
      "name": "ExoReacher.mean_reward",
      "value": 0.3135416468139738,
      "min": 0.2937499823747203,
      "max": 0.3135416468139738,
      "count": 2
    }
  ],
  "total": 70.0630521,
  "count": 1,
  "self": 8.910185999999996,
  "children": [
    {
      "name": "TrainerController.advance",
      "total": 61.1528661,
      "count": 6042,
      "self": 6.253276300000209,
      "children": [
        {
          "name": "env_step",
          "total": 45.11210099999979,
          "count": 6042,
          "self": 41.538486199999525,
          "children": [
            {
              "name": "SubprocessEnvManager._take_step",
              "total": 3.4940459999998836,
              "count": 6042,
              "self": 0.12677739999962512,
              "children": [
                {
                  "name": "PPOPolicy.evaluate",
                  "total": 3.3672686000002585,
                  "count": 6042,
                  "self": 3.3672686000002585
                }
              ]
            },
            {
              "name": "workers",
              "total": 0.07956880000037714,
              "count": 6041,
              "self": 0.0,
              "children": [
                {
                  "name": "worker_root",
                  "total": 68.3152529000001,
                  "count": 6041,
                  "is_parallel": true,
                  "self": 31.06430790000018,
                  "children": [
                    {
                      "name": "batched_step_result_from_proto",
                      "total": 0.0004413000000003109,
                      "count": 1,
                      "is_parallel": true,
                      "self": 7.439999999991898e-05,
                      "children": [
                        {
                          "name": "_process_vector_observation",
                          "total": 0.0003669000000003919,
                          "count": 1,
                          "is_parallel": true,
                          "self": 0.0003669000000003919
                        }
                      ]
                    },
                    {
                      "name": "UnityEnvironment.step",
                      "total": 37.250503699999925,
                      "count": 6041,
                      "is_parallel": true,
                      "self": 0.7952227999992303,
                      "children": [
                        {
                          "name": "UnityEnvironment._generate_step_input",
                          "total": 0.9616721000000634,
                          "count": 6041,
                          "is_parallel": true,
                          "self": 0.9616721000000634
                        },
                        {
                          "name": "communicator.exchange",
                          "total": 33.43576910000035,
                          "count": 6041,
                          "is_parallel": true,
                          "self": 33.43576910000035
                        },
                        {
                          "name": "batched_step_result_from_proto",
                          "total": 2.057839700000277,
                          "count": 6041,
                          "is_parallel": true,
                          "self": 0.4176573000001964,
                          "children": [
                            {
                              "name": "_process_vector_observation",
                              "total": 1.6401824000000804,
                              "count": 6041,
                              "is_parallel": true,
                              "self": 1.6401824000000804
                            }
                          ]
                        }
                      ]
                    }
                  ]
                }
              ]
            }
          ]
        },
        {
          "name": "update_policy",
          "total": 9.787488799999995,
          "count": 3,
          "self": 7.500715899999982,
          "children": [
            {
              "name": "PPOPolicy.update",
              "total": 2.286772900000013,
              "count": 135,
              "self": 2.286772900000013
            }
          ]
        }
      ]
    }
  ]
}