Steps,Policy/Entropy,Policy/Learning Rate,Policy/Extrinsic Value Estimate,Policy/Extrinsic Reward,Environment/Cumulative Reward,Environment/Episode Length
3000,1.4189385,0.00029955019,0.07234568,0.0,0.0,999.5
6000,1.4187711,0.00029865018,0.051040348,0.0,0.0,1000.0
9000,1.4184339,0.00029775014,0.042065892,0.0,0.0,1000.0
12000,1.4185569,0.00029685016,0.03979438,0.0,0.0,1000.0
15000,1.4186193,0.0002959502,0.03182126,0.0,0.0,1000.0
