Steps,Policy/Entropy,Policy/Learning Rate,Policy/Extrinsic Value Estimate,Policy/Extrinsic Reward,Environment/Cumulative Reward,Environment/Episode Length
3000,1.4189385,0.00029955019,0.11464784,1.0359999433159828,1.035999925993383,999.5
6000,1.4191761,0.00029865018,0.12219279,0.9526665796836217,0.952666595329841,1000.0
9000,1.4196553,0.00029775014,0.1258541,0.997333272298177,0.9973332608739535,1000.0
12000,1.4196817,0.00029685016,0.12971783,1.13066657508413,1.1306665858874718,1000.0
15000,1.419695,0.0002959502,0.13571344,1.076666613916556,1.0766665955384573,1000.0
