Steps,Policy/Entropy,Policy/Learning Rate,Policy/Extrinsic Value Estimate,Policy/Extrinsic Reward,Environment/Cumulative Reward,Environment/Episode Length,Losses/Value Loss,Losses/Policy Loss
3000,1.4190003,0.00029955019,0.05167671,0.3093749778345227,0.3093749809777364,999.5,0.044209953,0.015805371
6000,1.4189293,0.00029865018,0.08793225,0.445624968308645,0.4456249712578331,1000.0,0.011365963,0.019495435
9000,1.4179678,0.00029775014,0.10660585,0.5816666319733486,0.5816666287525246,1000.0,0.0038292443,0.017926252
12000,1.4169012,0.00029685016,0.118735336,0.6424999662364522,0.6424999623559415,1000.0,0.0021264853,0.018596156
