{
  "name": "root",
  "gauges": [
    {
      "name": "Reacher.mean_reward",
      "value": 0.24899999443441628,
      "min": 0.07424999834038318,
      "max": 0.24899999443441628,
      "count": 3
    }
  ],
  "total": 106.1710942,
  "count": 1,
  "self": 7.851560700000405,
  "children": [
    {
      "name": "TrainerController.advance",
      "total": 98.3195334999996,
      "count": 10313,
      "self": 10.861529499999634,
      "children": [
        {
          "name": "env_step",
          "total": 69.65215449999998,
          "count": 10313,
          "self": 63.91269409999949,
          "children": [
            {
              "name": "SubprocessEnvManager._take_step",
              "total": 5.612782400000883,
              "count": 10313,
              "self": 0.20421420000073276,
              "children": [
                {
                  "name": "PPOPolicy.evaluate",
                  "total": 5.4085682000001505,
                  "count": 10313,
                  "self": 5.4085682000001505
                }
              ]
            },
            {
              "name": "workers",
              "total": 0.1266779999996066,
              "count": 10312,
              "self": 0.0,
              "children": [
                {
                  "name": "worker_root",
                  "total": 105.17270719999954,
                  "count": 10312,
                  "is_parallel": true,
                  "self": 48.1708114999995,
                  "children": [
                    {
                      "name": "batched_step_result_from_proto",
                      "total": 0.0006960999999998663,
                      "count": 1,
                      "is_parallel": true,
                      "self": 0.00012179999999961666,
                      "children": [
                        {
                          "name": "_process_vector_observation",
                          "total": 0.0005743000000002496,
                          "count": 1,
                          "is_parallel": true,
                          "self": 0.0005743000000002496
                        }
                      ]
                    },
                    {
                      "name": "UnityEnvironment.step",
                      "total": 57.001199600000035,
                      "count": 10312,
                      "is_parallel": true,
                      "self": 1.3582692999993853,
                      "children": [
                        {
                          "name": "UnityEnvironment._generate_step_input",
                          "total": 1.7964730999999814,
                          "count": 10312,
                          "is_parallel": true,
                          "self": 1.7964730999999814
                        },
                        {
                          "name": "communicator.exchange",
                          "total": 50.194035700000136,
                          "count": 10312,
                          "is_parallel": true,
                          "self": 50.194035700000136
                        },
                        {
                          "name": "batched_step_result_from_proto",
                          "total": 3.6524215000005347,
                          "count": 10312,
                          "is_parallel": true,
                          "self": 0.7094936000010366,
                          "children": [
                            {
                              "name": "_process_vector_observation",
                              "total": 2.942927899999498,
                              "count": 10312,
                              "is_parallel": true,
                              "self": 2.942927899999498
                            }
                          ]
                        }
                      ]
                    }
                  ]
                }
              ]
            }
          ]
        },
        {
          "name": "update_policy",
          "total": 17.805849499999987,
          "count": 5,
          "self": 13.459865499999967,
          "children": [
            {
              "name": "PPOPolicy.update",
              "total": 4.345984000000019,
              "count": 285,
              "self": 4.345984000000019
            }
          ]
        }
      ]
    }
  ]
}