Steps,Policy/Entropy,Policy/Learning Rate,Policy/Extrinsic Value Estimate,Policy/Extrinsic Reward,Environment/Cumulative Reward,Environment/Episode Length,Losses/Value Loss,Losses/Policy Loss
3000,1.4186463,0.00029955019,-0.06651851,0.07424999624490738,0.07424999834038318,999.5,0.01894067,0.01842505
6000,1.4186164,0.00029865018,-0.07130314,0.11049999706447125,0.11049999753013254,1000.0,0.0045544263,0.018087996
9000,1.4189768,0.00029775014,-0.04212795,0.24899999372040232,0.24899999443441628,1000.0,0.0022674827,0.018477207
