{"count":1,"gauges":{},"self":146.5657472,"total":148.5444769,"children":{"AgentResetIfDone":{"count":5658,"self":0.024866199999999998,"total":0.024866199999999998,"children":null},"AgentSendState":{"count":5658,"self":0.0219203,"total":0.0298743,"children":{"CollectObservations":{"count":4806,"self":0.007954,"total":0.007954,"children":null}}},"DecideAction":{"count":5658,"self":1.8512355999999999,"total":1.8512354999999998,"children":null},"AcademyStep":{"count":5658,"self":0.0089535999999999991,"total":0.0089535999999999991,"children":null},"AgentAct":{"count":5658,"self":0.0638016,"total":0.0638016,"children":null}}}