{"cameraMode":{"drawMode":31,"name":"Sprite Mask","section":"Miscellaneous"},"sceneLighting":true,"audioPlay":false,"sceneViewState":{"showFog":true,"showMaterialUpdate":false,"showSkybox":true,"showFlares":true,"showImageEffects":true,"showParticleSystems":true},"in2DMode":false,"pivot":{"x":4.469112396240234,"y":0.8009249567985535,"z":3.398719072341919},"rotation":{"x":0.141954243183136,"y":-0.6851131916046143,"z":0.13873004913330079,"w":0.7009010910987854},"size":2.527296543121338,"orthographic":false}