{"count":1,"gauges":{},"self":14.489091199999999,"total":14.7464391,"children":{"AgentResetIfDone":{"count":648,"self":0.00099739999999999985,"total":0.00099739999999999985,"children":null},"AgentSendState":{"count":648,"self":0.0045005999999999996,"total":0.013475599999999999,"children":{"CollectObservations":{"count":897,"self":0.008975,"total":0.008975,"children":null}}},"DecideAction":{"count":648,"self":0.2358914,"total":0.2358914,"children":null},"AcademyStep":{"count":648,"self":0.0009973,"total":0.0009973,"children":null},"AgentAct":{"count":648,"self":0.0059857999999999995,"total":0.0059857999999999995,"children":null}}}