{"count":1,"gauges":{},"self":151.3834496,"total":154.3485623,"children":{"AgentResetIfDone":{"count":9546,"self":0.048054099999999995,"total":0.048054099999999995,"children":null},"AgentSendState":{"count":9546,"self":0.0388989,"total":0.055866599999999995,"children":{"CollectObservations":{"count":2388,"self":0.0169677,"total":0.0169677,"children":null}}},"DecideAction":{"count":9546,"self":2.7814704,"total":2.7814704,"children":null},"AcademyStep":{"count":9546,"self":0.015972399999999998,"total":0.015972399999999998,"children":null},"AgentAct":{"count":9546,"self":0.063750599999999991,"total":0.063750599999999991,"children":null}}}